user_id,username,email,phone,created_at,last_login,account_status,authentication_method,failed_login_attempts
1,user_syyzx,user_syyzx@example.com,+1-589-3266,2024-07-28 21:47:07,2025-01-17 21:47:07,active,SSO,2
2,user_rpiat,user_rpiat@company.org,+1-366-6820,2024-04-16 21:47:07,2025-03-10 21:47:07,active,SSO,0
3,user_qhdyh,user_qhdyh@example.com,+1-304-8130,2024-11-30 21:47:07,2025-01-18 21:47:07,disabled,SSO,3
4,user_fmwcx,user_fmwcx@example.com,+1-588-3059,2025-03-12 21:47:07,2025-02-04 21:47:07,disabled,MFA,3
5,user_gokwa,user_gokwa@example.com,+1-483-1559,2023-11-03 21:47:07,2025-03-07 21:47:07,disabled,SSO,2
6,user_shvqf,user_shvqf@example.com,+1-448-8351,2024-04-12 21:47:07,2025-01-02 21:47:07,active,SSO,4
7,user_quxgc,user_quxgc@example.com,+1-444-6314,2023-07-07 21:47:07,2025-01-26 21:47:07,active,password,2
8,user_sfnwu,user_sfnwu@example.com,+1-854-4065,2025-02-08 21:47:07,2025-02-17 21:47:07,active,SSO,0
9,user_gcvvr,user_gcvvr@example.com,+1-322-7552,2024-07-02 21:47:07,2024-12-23 21:47:07,disabled,MFA,4
10,user_bdito,user_bdito@test.com,+1-882-7411,2024-05-30 21:47:07,2025-02-01 21:47:07,disabled,MFA,1
11,user_zirqf,user_zirqf@test.com,+1-492-8195,2024-07-27 21:47:07,2025-02-09 21:47:07,active,password,5
12,user_vvlal,user_vvlal@example.com,+1-933-1605,2023-07-11 21:47:07,2025-01-30 21:47:07,suspended,password,2
13,user_gqhbx,user_gqhbx@company.org,+1-519-6833,2023-07-26 21:47:07,2025-03-06 21:47:07,suspended,MFA,2
14,user_rwnwj,user_rwnwj@company.org,+1-465-1374,2024-11-14 21:47:07,2025-02-17 21:47:07,active,SSO,4
15,user_lfneb,user_lfneb@company.org,+1-101-9513,2024-09-14 21:47:07,2025-02-06 21:47:07,disabled,password,0
16,user_vgkii,user_vgkii@example.com,+1-151-7166,2023-07-25 21:47:07,2025-02-19 21:47:07,suspended,password,1
17,user_vmwhu,user_vmwhu@test.com,+1-869-7185,2023-04-30 21:47:07,2025-02-01 21:47:07,suspended,MFA,0
18,user_xjbie,user_xjbie@test.com,+1-669-4667,2024-01-31 21:47:07,2025-01-01 21:47:07,disabled,SSO,4
19,user_fdefc,user_fdefc@test.com,+1-897-4038,2024-02-04 21:47:07,2025-01-07 21:47:07,disabled,password,0
20,user_vhmha,user_vhmha@test.com,+1-470-6232,2024-02-19 21:47:07,2024-12-20 21:47:07,disabled,password,2
21,user_myqos,user_myqos@example.com,+1-102-2522,2023-10-16 21:47:07,2024-12-23 21:47:07,active,MFA,4
22,user_cfjce,user_cfjce@company.org,+1-559-2429,2023-11-30 21:47:07,2025-01-05 21:47:07,disabled,MFA,4
23,user_oniif,user_oniif@test.com,+1-378-3703,2023-08-09 21:47:07,2025-01-12 21:47:07,active,SSO,5
24,user_rcwyb,user_rcwyb@test.com,+1-800-9068,2024-03-21 21:47:07,2025-01-27 21:47:07,disabled,MFA,1
25,user_jdyut,user_jdyut@company.org,+1-732-2240,2024-12-01 21:47:07,2024-12-22 21:47:07,suspended,SSO,5
26,user_bfsdt,user_bfsdt@test.com,+1-293-1175,2023-07-12 21:47:07,2024-12-30 21:47:07,active,SSO,1
27,user_djykp,user_djykp@example.com,+1-578-9945,2024-09-18 21:47:07,2025-02-09 21:47:07,active,SSO,0
28,user_adyoj,user_adyoj@company.org,+1-697-8195,2023-08-05 21:47:07,2025-01-14 21:47:07,suspended,SSO,3
29,user_aqqyl,user_aqqyl@company.org,+1-615-8843,2025-01-19 21:47:07,2025-03-06 21:47:07,disabled,SSO,3
30,user_eaeyt,user_eaeyt@company.org,+1-966-7959,2024-07-07 21:47:07,2025-03-08 21:47:07,disabled,MFA,3
31,user_xehqo,user_xehqo@example.com,+1-455-3097,2025-02-27 21:47:07,2025-02-04 21:47:07,disabled,MFA,2
32,user_zdyae,user_zdyae@test.com,+1-137-2970,2024-06-26 21:47:07,2025-02-05 21:47:07,disabled,password,4
33,user_euklo,user_euklo@example.com,+1-524-4023,2023-04-19 21:47:07,2025-02-28 21:47:07,suspended,password,3
34,user_nczbj,user_nczbj@company.org,+1-411-6203,2023-05-01 21:47:07,2024-12-29 21:47:07,suspended,password,0
35,user_totrs,user_totrs@company.org,+1-837-1534,2024-12-19 21:47:07,2025-01-05 21:47:07,active,MFA,0
36,user_shsza,user_shsza@example.com,+1-746-1471,2024-04-26 21:47:07,2024-12-31 21:47:07,disabled,MFA,3
37,user_gzvcv,user_gzvcv@company.org,+1-578-7711,2024-04-06 21:47:07,2025-03-10 21:47:07,suspended,password,2
38,user_dpjko,user_dpjko@example.com,+1-420-9522,2023-03-21 21:47:07,2024-12-18 21:47:07,active,password,5
39,user_zsicw,user_zsicw@test.com,+1-384-9802,2024-10-01 21:47:07,2025-01-04 21:47:07,suspended,MFA,2
40,user_syfiw,user_syfiw@test.com,+1-326-9624,2024-06-28 21:47:07,2025-02-17 21:47:07,disabled,MFA,5
41,user_nhpad,user_nhpad@test.com,+1-509-9242,2023-07-29 21:47:07,2025-01-10 21:47:07,active,MFA,3
42,user_htahi,user_htahi@example.com,+1-661-6032,2024-10-24 21:47:07,2025-01-17 21:47:07,disabled,MFA,1
43,user_dfbxh,user_dfbxh@example.com,+1-665-7106,2023-09-30 21:47:07,2024-12-20 21:47:07,disabled,MFA,2
44,user_qawxd,user_qawxd@company.org,+1-332-9457,2024-03-16 21:47:07,2025-01-14 21:47:07,suspended,MFA,1
45,user_bzilh,user_bzilh@company.org,+1-802-7299,2024-11-01 21:47:07,2025-01-19 21:47:07,active,SSO,3
46,user_kszxq,user_kszxq@example.com,+1-341-6507,2024-04-24 21:47:07,2024-12-14 21:47:07,disabled,password,3
47,user_lzrxq,user_lzrxq@test.com,+1-704-7807,2024-02-13 21:47:07,2025-02-02 21:47:07,active,SSO,5
48,user_qvpvl,user_qvpvl@example.com,+1-552-3805,2023-08-29 21:47:07,2024-12-16 21:47:07,disabled,MFA,3
49,user_isaoe,user_isaoe@test.com,+1-183-3195,2023-09-07 21:47:07,2025-01-16 21:47:07,disabled,SSO,5
50,user_ysago,user_ysago@test.com,+1-746-5294,2024-08-24 21:47:07,2025-02-10 21:47:07,suspended,password,3
51,user_khafo,user_khafo@example.com,+1-247-8999,2024-01-14 21:47:07,2025-01-29 21:47:07,suspended,SSO,0
52,user_jbdjn,user_jbdjn@company.org,+1-142-2930,2023-10-24 21:47:07,2025-01-06 21:47:07,suspended,MFA,2
53,user_fkbua,user_fkbua@example.com,+1-159-3651,2024-07-10 21:47:07,2025-02-25 21:47:07,disabled,SSO,5
54,user_ozlop,user_ozlop@company.org,+1-707-8175,2023-10-17 21:47:07,2024-12-31 21:47:07,suspended,password,1
55,user_gxiel,user_gxiel@example.com,+1-605-5978,2023-05-27 21:47:07,2025-01-19 21:47:07,disabled,SSO,5
56,user_zlkwa,user_zlkwa@company.org,+1-516-4461,2023-10-07 21:47:07,2025-02-04 21:47:07,disabled,MFA,0
57,user_mqtxd,user_mqtxd@company.org,+1-326-2011,2023-07-28 21:47:07,2024-12-30 21:47:07,disabled,password,5
58,user_rqhra,user_rqhra@test.com,+1-407-8147,2023-11-19 21:47:07,2025-03-01 21:47:07,disabled,password,1
59,user_zlgcz,user_zlgcz@example.com,+1-366-9768,2024-04-07 21:47:07,2025-03-09 21:47:07,suspended,password,3
60,user_bjefx,user_bjefx@example.com,+1-326-2979,2023-12-13 21:47:07,2024-12-13 21:47:07,disabled,SSO,3
61,user_dpgrz,user_dpgrz@test.com,+1-667-1416,2024-09-05 21:47:07,2025-02-24 21:47:07,suspended,password,5
62,user_wpsrh,user_wpsrh@test.com,+1-795-1061,2024-07-30 21:47:07,2024-12-28 21:47:07,suspended,password,3
63,user_mxwgw,user_mxwgw@company.org,+1-378-1444,2024-10-27 21:47:07,2025-01-18 21:47:07,disabled,SSO,4
64,user_klpqw,user_klpqw@example.com,+1-352-5249,2024-09-27 21:47:07,2025-02-11 21:47:07,active,SSO,0
65,user_olmxs,user_olmxs@example.com,+1-342-8059,2023-11-09 21:47:07,2025-02-25 21:47:07,suspended,SSO,2
66,user_zfhsl,user_zfhsl@company.org,+1-380-2137,2024-01-31 21:47:07,2025-02-05 21:47:07,disabled,MFA,5
67,user_ppanv,user_ppanv@example.com,+1-146-5019,2024-06-29 21:47:07,2025-02-14 21:47:07,active,SSO,1
68,user_zrpyy,user_zrpyy@company.org,+1-469-4651,2024-08-12 21:47:07,2024-12-19 21:47:07,disabled,SSO,5
69,user_jshjy,user_jshjy@company.org,+1-819-2232,2024-10-23 21:47:07,2025-01-09 21:47:07,disabled,password,1
70,user_cgaqg,user_cgaqg@test.com,+1-986-3975,2024-06-07 21:47:07,2024-12-13 21:47:07,active,password,2
71,user_eglew,user_eglew@test.com,+1-618-7427,2024-03-20 21:47:07,2024-12-14 21:47:07,active,password,0
72,user_rxgli,user_rxgli@example.com,+1-105-4960,2024-11-10 21:47:07,2025-01-27 21:47:07,suspended,SSO,5
73,user_ixiwg,user_ixiwg@company.org,+1-174-5889,2025-03-02 21:47:07,2024-12-28 21:47:07,suspended,SSO,2
74,user_jxbkg,user_jxbkg@test.com,+1-903-3377,2025-02-08 21:47:07,2025-02-11 21:47:07,active,SSO,3
75,user_ebwiw,user_ebwiw@test.com,+1-866-7290,2024-07-09 21:47:07,2025-02-07 21:47:07,disabled,password,3
76,user_mdwbm,user_mdwbm@test.com,+1-206-2815,2024-01-12 21:47:07,2025-01-19 21:47:07,active,MFA,2
77,user_arloz,user_arloz@company.org,+1-724-7107,2023-10-23 21:47:07,2024-12-30 21:47:07,suspended,SSO,4
78,user_zxofj,user_zxofj@test.com,+1-685-1366,2023-08-02 21:47:07,2025-01-08 21:47:07,active,MFA,4
79,user_twdwp,user_twdwp@company.org,+1-311-5692,2024-06-30 21:47:07,2025-01-23 21:47:07,suspended,SSO,0
80,user_ttkkl,user_ttkkl@test.com,+1-264-1549,2023-04-17 21:47:07,2025-01-22 21:47:07,suspended,SSO,1
81,user_nehnf,user_nehnf@example.com,+1-550-2518,2024-07-29 21:47:07,2024-12-28 21:47:07,disabled,MFA,4
82,user_zmnab,user_zmnab@example.com,+1-619-1285,2023-04-04 21:47:07,2025-03-11 21:47:07,suspended,password,4
83,user_dcazx,user_dcazx@test.com,+1-804-8337,2024-12-10 21:47:07,2025-01-08 21:47:07,suspended,MFA,0
84,user_wetzf,user_wetzf@example.com,+1-979-4601,2024-02-24 21:47:07,2025-02-22 21:47:07,active,password,5
85,user_klauq,user_klauq@company.org,+1-951-5131,2023-06-13 21:47:07,2024-12-21 21:47:07,suspended,SSO,4
86,user_sumcw,user_sumcw@test.com,+1-595-7757,2023-07-03 21:47:07,2025-01-05 21:47:07,suspended,password,1
87,user_sarhd,user_sarhd@test.com,+1-499-5898,2024-10-02 21:47:07,2025-01-09 21:47:07,active,SSO,1
88,user_fppew,user_fppew@company.org,+1-963-2655,2024-01-03 21:47:07,2025-02-25 21:47:07,active,MFA,5
89,user_saiiv,user_saiiv@test.com,+1-168-3806,2024-09-11 21:47:07,2025-01-09 21:47:07,suspended,SSO,4
90,user_pmqyi,user_pmqyi@company.org,+1-130-2249,2024-04-28 21:47:07,2025-02-02 21:47:07,suspended,password,4
91,user_idfvp,user_idfvp@example.com,+1-505-7915,2023-07-04 21:47:07,2025-02-17 21:47:07,suspended,MFA,3
92,user_jtkho,user_jtkho@example.com,+1-101-1311,2024-11-18 21:47:07,2024-12-26 21:47:07,suspended,SSO,4
93,user_lytja,user_lytja@test.com,+1-371-7924,2023-06-08 21:47:07,2025-01-17 21:47:07,suspended,MFA,5
94,user_dfsde,user_dfsde@company.org,+1-647-9012,2024-01-02 21:47:07,2025-03-12 21:47:07,active,SSO,4
95,user_ppggz,user_ppggz@example.com,+1-647-8104,2023-08-25 21:47:07,2025-01-10 21:47:07,disabled,SSO,3
96,user_uxcsd,user_uxcsd@example.com,+1-264-8631,2024-08-11 21:47:07,2024-12-13 21:47:07,suspended,password,3
97,user_wmaax,user_wmaax@test.com,+1-254-8903,2024-10-22 21:47:07,2025-02-04 21:47:07,suspended,password,4
98,user_pmwnb,user_pmwnb@example.com,+1-971-6511,2024-07-26 21:47:07,2024-12-30 21:47:07,active,SSO,3
99,user_juolr,user_juolr@test.com,+1-201-5242,2024-05-06 21:47:07,2025-01-08 21:47:07,active,MFA,2
100,user_svoqd,user_svoqd@test.com,+1-492-9445,2023-08-28 21:47:07,2024-12-22 21:47:07,suspended,password,0
101,user_izqqm,user_izqqm@test.com,+1-798-4066,2023-08-18 21:47:07,2024-12-19 21:47:07,disabled,password,2
102,user_skora,user_skora@test.com,+1-652-9692,2025-01-19 21:47:07,2024-12-12 21:47:07,suspended,SSO,2
103,user_gdqfk,user_gdqfk@example.com,+1-463-4013,2025-02-12 21:47:07,2025-01-11 21:47:07,active,MFA,2
104,user_alzdm,user_alzdm@test.com,+1-281-3839,2025-01-24 21:47:07,2024-12-27 21:47:07,active,password,5
105,user_nkqkj,user_nkqkj@test.com,+1-850-5444,2023-05-29 21:47:07,2025-03-06 21:47:07,suspended,password,5
106,user_aerye,user_aerye@test.com,+1-768-3152,2023-12-05 21:47:07,2025-01-25 21:47:07,active,MFA,2
107,user_otolx,user_otolx@company.org,+1-202-3332,2023-12-02 21:47:07,2025-01-12 21:47:07,active,SSO,3
108,user_hsjcc,user_hsjcc@example.com,+1-430-1921,2024-10-08 21:47:07,2025-01-20 21:47:07,suspended,SSO,0
109,user_qpkce,user_qpkce@test.com,+1-502-5768,2024-07-28 21:47:07,2025-01-22 21:47:07,disabled,password,1
110,user_vlmoi,user_vlmoi@company.org,+1-288-3471,2024-05-01 21:47:07,2025-01-28 21:47:07,disabled,password,5
111,user_xskgp,user_xskgp@company.org,+1-665-7142,2023-12-15 21:47:07,2025-03-04 21:47:07,active,MFA,3
112,user_xqxbc,user_xqxbc@example.com,+1-549-5299,2023-09-13 21:47:07,2025-01-01 21:47:07,active,SSO,1
113,user_dlfts,user_dlfts@example.com,+1-358-9421,2023-06-22 21:47:07,2025-01-17 21:47:07,suspended,MFA,2
114,user_tcpfg,user_tcpfg@example.com,+1-371-3731,2023-07-29 21:47:07,2025-01-07 21:47:07,active,password,3
115,user_sqykm,user_sqykm@example.com,+1-291-6889,2024-05-09 21:47:07,2025-02-03 21:47:07,active,MFA,3
116,user_migfx,user_migfx@example.com,+1-192-3192,2023-10-05 21:47:07,2024-12-19 21:47:07,active,MFA,2
117,user_dfrbf,user_dfrbf@example.com,+1-885-4699,2024-04-02 21:47:07,2025-03-06 21:47:07,suspended,MFA,0
118,user_zokpi,user_zokpi@example.com,+1-358-7545,2023-08-11 21:47:07,2025-02-20 21:47:07,active,password,0
119,user_qkuya,user_qkuya@test.com,+1-300-6869,2023-11-09 21:47:07,2025-03-06 21:47:07,active,password,5
120,user_mlupc,user_mlupc@example.com,+1-676-6439,2024-09-02 21:47:07,2025-01-05 21:47:07,disabled,password,2
121,user_zvmrd,user_zvmrd@test.com,+1-587-8813,2024-09-30 21:47:07,2025-01-13 21:47:07,suspended,SSO,3
122,user_yzeos,user_yzeos@test.com,+1-549-4586,2023-03-26 21:47:07,2025-02-19 21:47:07,disabled,MFA,2
123,user_kxnkr,user_kxnkr@company.org,+1-556-7470,2024-11-10 21:47:07,2025-03-03 21:47:07,suspended,password,0
124,user_rvxeh,user_rvxeh@test.com,+1-687-2260,2024-05-28 21:47:07,2024-12-28 21:47:07,suspended,password,0
125,user_cveta,user_cveta@test.com,+1-245-8657,2024-05-02 21:47:07,2025-03-05 21:47:07,disabled,MFA,5
126,user_dleog,user_dleog@example.com,+1-152-2763,2023-05-17 21:47:07,2024-12-21 21:47:07,active,SSO,0
127,user_mgbcr,user_mgbcr@test.com,+1-421-6193,2023-08-07 21:47:07,2025-01-06 21:47:07,disabled,password,5
128,user_crxka,user_crxka@example.com,+1-321-8817,2024-08-28 21:47:07,2025-01-07 21:47:07,suspended,MFA,0
129,user_likla,user_likla@test.com,+1-532-6916,2023-06-02 21:47:07,2024-12-29 21:47:07,suspended,SSO,1
130,user_uikiy,user_uikiy@example.com,+1-193-9552,2023-05-10 21:47:07,2025-02-27 21:47:07,active,SSO,0
131,user_udisc,user_udisc@test.com,+1-370-5066,2023-10-22 21:47:07,2025-02-21 21:47:07,active,SSO,0
132,user_djkcb,user_djkcb@example.com,+1-272-5476,2025-01-22 21:47:07,2025-01-06 21:47:07,suspended,password,4
133,user_jqenb,user_jqenb@example.com,+1-330-8070,2024-05-07 21:47:07,2024-12-25 21:47:07,disabled,MFA,4
134,user_pdmxl,user_pdmxl@example.com,+1-546-3472,2023-09-03 21:47:07,2025-02-24 21:47:07,disabled,SSO,0
135,user_ytzjk,user_ytzjk@example.com,+1-345-5751,2024-06-09 21:47:07,2025-03-06 21:47:07,disabled,MFA,0
136,user_snrzz,user_snrzz@company.org,+1-585-3492,2023-05-21 21:47:07,2025-01-11 21:47:07,disabled,MFA,3
137,user_vmntz,user_vmntz@company.org,+1-261-7518,2024-09-15 21:47:07,2025-01-15 21:47:07,disabled,SSO,1
138,user_bjaek,user_bjaek@company.org,+1-282-5519,2024-12-11 21:47:07,2025-01-25 21:47:07,suspended,MFA,1
139,user_fkgcl,user_fkgcl@company.org,+1-152-5933,2024-08-14 21:47:07,2025-02-08 21:47:07,suspended,MFA,4
140,user_eoafq,user_eoafq@test.com,+1-198-5903,2024-07-23 21:47:07,2025-03-02 21:47:07,active,SSO,4
141,user_aobcp,user_aobcp@test.com,+1-522-2393,2023-10-19 21:47:07,2025-03-06 21:47:07,suspended,MFA,5
142,user_qawcy,user_qawcy@company.org,+1-684-3245,2023-11-15 21:47:07,2025-02-07 21:47:07,active,SSO,2
143,user_omkje,user_omkje@company.org,+1-174-1076,2023-03-25 21:47:07,2025-01-02 21:47:07,active,SSO,1
144,user_oxaxk,user_oxaxk@company.org,+1-268-5290,2023-07-08 21:47:07,2024-12-26 21:47:07,suspended,MFA,5
145,user_nychu,user_nychu@example.com,+1-833-1494,2023-10-17 21:47:07,2025-02-18 21:47:07,active,MFA,5
146,user_gyccn,user_gyccn@example.com,+1-520-2898,2024-03-24 21:47:07,2025-03-06 21:47:07,active,MFA,3
147,user_ynfis,user_ynfis@company.org,+1-452-1918,2023-06-28 21:47:07,2024-12-20 21:47:07,suspended,password,3
148,user_cvdpy,user_cvdpy@company.org,+1-469-4023,2023-06-20 21:47:07,2024-12-26 21:47:07,disabled,SSO,2
149,user_oyngu,user_oyngu@test.com,+1-629-1117,2024-05-11 21:47:07,2024-12-31 21:47:07,disabled,SSO,1
150,user_zkrbg,user_zkrbg@company.org,+1-439-7452,2023-09-12 21:47:07,2024-12-19 21:47:07,active,SSO,0
151,user_lqklf,user_lqklf@example.com,+1-864-7128,2024-06-23 21:47:07,2024-12-27 21:47:07,active,SSO,5
152,user_mgoev,user_mgoev@example.com,+1-404-7510,2023-09-04 21:47:07,2025-02-02 21:47:07,active,password,0
153,user_clayq,user_clayq@example.com,+1-191-5294,2024-02-19 21:47:07,2025-01-06 21:47:07,disabled,SSO,0
154,user_bdgjp,user_bdgjp@example.com,+1-467-8095,2025-01-28 21:47:07,2025-03-07 21:47:07,suspended,SSO,2
155,user_zegki,user_zegki@example.com,+1-102-9254,2024-09-23 21:47:07,2025-01-20 21:47:07,active,MFA,0
156,user_lhmjf,user_lhmjf@company.org,+1-158-3855,2023-07-09 21:47:07,2025-02-13 21:47:07,suspended,MFA,0
157,user_ihkxw,user_ihkxw@company.org,+1-496-7179,2023-04-26 21:47:07,2025-03-11 21:47:07,suspended,MFA,4
158,user_rxkvz,user_rxkvz@example.com,+1-790-3114,2024-05-25 21:47:07,2025-01-15 21:47:07,disabled,MFA,4
159,user_iyepy,user_iyepy@company.org,+1-983-6611,2024-11-13 21:47:07,2025-01-17 21:47:07,disabled,password,1
160,user_qzjtj,user_qzjtj@company.org,+1-647-7699,2023-12-28 21:47:07,2025-01-17 21:47:07,suspended,MFA,4
161,user_muept,user_muept@company.org,+1-267-9065,2023-10-27 21:47:07,2025-01-02 21:47:07,active,password,1
162,user_qjxct,user_qjxct@company.org,+1-742-3944,2024-03-01 21:47:07,2025-02-26 21:47:07,disabled,SSO,5
163,user_bizlx,user_bizlx@company.org,+1-413-2632,2025-01-09 21:47:07,2025-02-20 21:47:07,disabled,SSO,5
164,user_nykjg,user_nykjg@company.org,+1-862-6967,2025-02-08 21:47:07,2025-03-07 21:47:07,suspended,SSO,4
165,user_krbrb,user_krbrb@test.com,+1-853-7582,2023-04-22 21:47:07,2025-02-24 21:47:07,suspended,MFA,2
166,user_uutkj,user_uutkj@test.com,+1-843-8238,2023-06-16 21:47:07,2025-01-26 21:47:07,disabled,MFA,1
167,user_qiqdf,user_qiqdf@test.com,+1-357-5263,2024-01-12 21:47:07,2024-12-20 21:47:07,active,MFA,1
168,user_mycvh,user_mycvh@example.com,+1-415-1850,2023-08-03 21:47:07,2025-02-27 21:47:07,suspended,SSO,1
169,user_rapib,user_rapib@example.com,+1-359-4012,2024-07-08 21:47:07,2025-01-20 21:47:07,suspended,SSO,1
170,user_xnvwq,user_xnvwq@test.com,+1-349-3128,2024-08-27 21:47:07,2024-12-20 21:47:07,disabled,MFA,1
171,user_gifqp,user_gifqp@test.com,+1-598-7131,2025-03-09 21:47:07,2024-12-15 21:47:07,suspended,SSO,5
172,user_bufnd,user_bufnd@example.com,+1-813-9849,2025-02-17 21:47:07,2025-02-05 21:47:07,active,SSO,2
173,user_crund,user_crund@example.com,+1-532-9942,2023-07-29 21:47:07,2025-01-31 21:47:07,disabled,password,4
174,user_mshwn,user_mshwn@example.com,+1-259-2879,2025-01-28 21:47:07,2025-03-12 21:47:07,disabled,password,5
175,user_wanhk,user_wanhk@company.org,+1-331-2874,2024-10-14 21:47:07,2025-01-31 21:47:07,active,MFA,1
176,user_aeasj,user_aeasj@company.org,+1-837-4154,2024-07-13 21:47:07,2024-12-21 21:47:07,active,password,5
177,user_flsch,user_flsch@test.com,+1-899-4265,2023-10-08 21:47:07,2025-02-07 21:47:07,suspended,SSO,5
178,user_xpnzo,user_xpnzo@company.org,+1-132-6487,2023-04-19 21:47:07,2025-03-09 21:47:07,suspended,SSO,0
179,user_iqgth,user_iqgth@company.org,+1-796-2184,2024-03-16 21:47:07,2025-01-17 21:47:07,disabled,SSO,0
180,user_lgcqy,user_lgcqy@company.org,+1-709-8227,2024-01-31 21:47:07,2025-02-03 21:47:07,active,MFA,1
181,user_pwjkw,user_pwjkw@example.com,+1-846-3367,2024-10-12 21:47:07,2025-01-05 21:47:07,suspended,SSO,4
182,user_rzyan,user_rzyan@example.com,+1-572-2743,2024-10-30 21:47:07,2025-01-06 21:47:07,disabled,password,2
183,user_zypfo,user_zypfo@test.com,+1-648-4850,2024-04-16 21:47:07,2024-12-21 21:47:07,suspended,MFA,4
184,user_qrldp,user_qrldp@test.com,+1-107-7737,2023-03-27 21:47:07,2025-02-27 21:47:07,suspended,password,1
185,user_rthel,user_rthel@example.com,+1-254-6623,2024-06-13 21:47:07,2025-01-05 21:47:07,active,MFA,1
186,user_ftysv,user_ftysv@test.com,+1-722-4345,2023-08-25 21:47:07,2025-01-28 21:47:07,suspended,SSO,5
187,user_qbxrr,user_qbxrr@company.org,+1-309-4088,2025-01-28 21:47:07,2025-02-05 21:47:07,active,MFA,0
188,user_hyhtr,user_hyhtr@company.org,+1-942-6176,2024-09-19 21:47:07,2024-12-30 21:47:07,suspended,SSO,0
189,user_wbzll,user_wbzll@test.com,+1-402-7426,2024-02-24 21:47:07,2025-02-19 21:47:07,disabled,SSO,0
190,user_byboh,user_byboh@company.org,+1-287-1973,2023-08-02 21:47:07,2025-01-28 21:47:07,suspended,SSO,1
191,user_jjgbq,user_jjgbq@example.com,+1-655-8104,2024-01-15 21:47:07,2024-12-15 21:47:07,disabled,password,1
192,user_jpynu,user_jpynu@company.org,+1-358-4832,2023-08-07 21:47:07,2025-03-12 21:47:07,active,SSO,5
193,user_hoghq,user_hoghq@example.com,+1-909-2778,2024-09-05 21:47:07,2025-01-03 21:47:07,suspended,password,5
194,user_wfcdv,user_wfcdv@example.com,+1-950-3666,2025-01-17 21:47:07,2025-03-01 21:47:07,suspended,SSO,1
195,user_feaxt,user_feaxt@example.com,+1-902-1846,2024-09-09 21:47:07,2025-02-16 21:47:07,active,password,5
196,user_lfvfr,user_lfvfr@test.com,+1-964-9471,2024-01-28 21:47:07,2024-12-20 21:47:07,suspended,password,0
197,user_cdgeu,user_cdgeu@test.com,+1-406-1020,2023-08-10 21:47:07,2025-01-03 21:47:07,active,password,3
198,user_ydxcm,user_ydxcm@test.com,+1-704-1940,2023-06-24 21:47:07,2025-01-22 21:47:07,suspended,password,4
199,user_wwwcu,user_wwwcu@company.org,+1-409-7591,2023-04-09 21:47:07,2025-02-04 21:47:07,disabled,SSO,2
200,user_kfypo,user_kfypo@example.com,+1-882-1330,2023-07-01 21:47:07,2025-02-12 21:47:07,active,password,5
